{"name":"BM_Backup_2023-03-28_08_38_20_BJI4k8udxMVgbYXo.zip","date":"2023-03-28 08:38:20","files":3851,"bytes":96122957,"cron":false,"total_queries":142,"manifest":"2023-03-28 08:38:33","millis_start":1679992700.941763,"millis_end":1679992713.253175,"version":"1.2.7","domain":"chungkhoanso1.com","dbdomain":"https:\/\/chungkhoanso1.com","uid":0,"source_query_output":2000,"db_backup_engine":"v4","config":{"ABSPATH":"\/home\/kjhemvxrhosting\/public_html\/","DB_NAME":"kjhemvxrhosting_wp_v9b9q","DB_USER":"kjhemvxrhosting_wp_ukfhj","DB_PASSWORD":"7X8l!uK!Ih_6BVJO","DB_HOST":"localhost:3306","DB_CHARSET":"utf8","DB_COLLATE":"","AUTH_KEY":":A(v63_9KRdJRWjF+)C7)_XU*261rlnV3%1#Ni3246_+z[ARX42AL2Q52~%e6n0u","SECURE_AUTH_KEY":"!Q*6T9lxa0J02_v11gN1C4L5-7Oq29n:pPi)##82gamZu98fO]g:~2&ZhR18000F","LOGGED_IN_KEY":"#f:78nkRU!dh1l7016qQ)9@yy:BM@x+PJA+H14_:\/5xE*9+7\/1_Chr683q+hy4R)","NONCE_KEY":"qb\/V!o#!b*KDj4Rx4n4)fSOH;qM+0~3i7-RwbDFuDCGY6%*6~5Fbc\/OM5~&H4Zv6","AUTH_SALT":"A3aqQfGH7191Te6;![lw1d\/pi|:6)Pl@+9iV2kp&jNeR]2YQ&tlyjZxyFD27;D+[","SECURE_AUTH_SALT":"%*!5~qfq_tuX;zKr!**78#7*_QSf18Qqs70E)67DT8&(11JN3miw%(9)|o&7ym#2","LOGGED_IN_SALT":"U*x:XG@98SC@I5|)Kq5f4!Y+4\/8@6B6f5%r1Oy5-WAU5J4WNz_9ENC5V3Ttm4V*:","NONCE_SALT":"];AK2z)1~toL6K\/V0*R#6Zob~9XCIWsj7Q+|-2m!*syg9653(*c&@zt_U5I(Wx50","WP_DEBUG_LOG":false,"WP_CONTENT_URL":"https:\/\/chungkhoanso1.com\/wp-content","WP_CONTENT_DIR":"\/home\/kjhemvxrhosting\/public_html\/wp-content\/","table_prefix":"eY1HtMJlE_"}}